Estrelas,ProximidadeTurismo,Capacidade,Preco
5,9.301565025243212,3,506.27545244292
1,1.7858909208732916,1,246.3634575712061
4,15.50429345083481,3,325.8735503361168
4,4.173188210318354,3,521.3432839941105
4,9.443684908242938,1,252.587086799813
2,2.381031478323121,1,308.3371033899012
4,14.059629162678991,3,393.9866944785895
3,5.900576458695397,1,358.44572821452664
5,1.1048940506592784,1,526.4607466192664
1,16.606998118692633,4,188.36891014879137
1,1.1514787314009216,2,419.1519891446485
5,3.791475628799228,3,648.615320754412
3,17.423561978092305,3,255.2611206187761
2,13.032427541123155,4,329.1704273765824
1,6.051200840821666,3,404.4189619519237
2,8.95555985551324,3,382.0297316235682
2,1.3190863977996703,3,357.77544246405023
1,4.047618120404975,1,281.2702392624526
2,2.238435633129107,3,399.5441537943425
5,3.2962298212773806,3,657.2534824040215
4,12.85984007080293,2,295.0995786626996
1,15.06998398214272,4,328.2809043946055
4,6.764607323616232,4,579.7997929673787
1,3.8200895557782015,1,209.26749588163037
3,2.2425893425164034,3,537.7805299205298
4,3.0224973045507,3,632.5403686556747
1,3.751471166612839,3,416.2829075608226
2,12.261961917830192,3,289.0440036497773
4,1.8333919925760125,1,480.5098359238966
4,16.709430327888573,2,236.3293617737192
4,0.5613302044875711,4,708.477025618587
1,0.0138504273509572,2,478.02599487314745
2,6.872990371566635,3,480.2958941716207
2,1.1747454641811148,2,467.1714020328128
2,4.661664260340308,2,352.4687572189352
1,3.702424407043429,4,570.7970615351728
3,4.5380404105200105,2,478.3951696561852
5,4.032645401632468,2,565.2919502437653
4,9.180047698190457,2,315.59521699889785
4,2.5249662707687244,1,436.5342697500236
3,8.203217972614217,1,228.752031812672
5,13.599485416794844,1,250.0596790863852
3,0.903820072769468,2,503.9264450094466
1,13.675972398067136,1,61.488522443188494
1,10.34409886481518,2,179.35926741223398
5,9.96212640371066,2,474.4051593717823
1,12.17938511593151,1,1.6057343397926471
5,3.0496363785442044,3,665.5164489855966
2,10.289354925948542,2,161.33873790130224
5,0.722870075600049,2,614.6725053241722
2,6.006575576577885,4,455.5232721542485
3,15.522431800485608,1,163.46655187691437
3,2.869044880033464,4,616.9417285997104
1,23.205942757907412,2,-41.73353623480712
2,3.1716062629268875,4,505.6539084631197
2,5.200406145708678,2,323.26337033594723
2,2.256086544711038,4,585.239138776327
2,4.4971210023199255,2,399.23607629906667
4,0.6727560892298173,1,612.9996903035967
4,13.18395869644734,4,467.4637422262275
3,3.7070400322045343,4,644.6610756243557
4,9.456157955562912,3,373.0301442632787
1,9.327409107943778,3,236.9572247744213
4,12.630683491022754,1,209.61159144912236
5,4.5248909263964645,2,459.63079669014246
2,0.978961454126271,3,594.7407335907938
3,4.481653626807081,1,319.8559928248419
5,6.493379277303881,1,469.2415088735793
4,0.2342310502145217,2,629.6545026999911
5,10.79194728112489,2,396.30004037168055
5,20.04215715498915,4,394.2468445905989
5,3.768765208508928,4,691.8197221627763
4,5.457119740177824,1,397.7794552141704
5,18.84585844979448,1,177.24992359313904
5,19.45703083163959,1,134.6769020726067
5,9.127834941352916,4,612.6918002460837
1,2.1950955579304527,3,532.2829026247541
5,3.930629339800916,2,567.0382246895285
4,9.389815726777853,1,308.49366614647425
3,10.170209914132446,4,472.8342777695117
1,14.22983496516106,4,234.76964450834924
2,3.960865849565602,2,329.4178391549149
2,5.914026678081108,3,437.8872930123907
4,11.244191845103682,1,186.64660689556848
1,7.553956956633383,2,220.60448091915316
1,8.67407411354918,4,460.594084747223
2,6.564636749715315,3,504.4187498588344
3,28.345545052747024,1,-220.2087048948264
5,21.167910214836752,4,427.9742738183441
3,16.108784034499337,4,337.2524047677354
1,0.3576807186022113,2,402.0961312763876
4,23.807453512197505,4,238.18034822391323
3,3.30576756274374,1,417.9118550963996
3,9.492464735582356,4,399.766876336194
1,15.023965693817129,2,132.3288666914141
2,17.776669547337065,2,57.22309918385816
1,5.327027919795545,3,411.9988680731678
3,10.907497344345,3,448.9898700277526
3,3.4624944764731,4,600.7292441499069
4,7.9463632107149875,4,579.7804900842405
3,1.9796728994496744,4,650.8841309228911
4,10.819352184772653,3,383.6332813210225
3,14.449401990733715,3,376.5939276795416
2,12.105429941233515,4,463.2148135383791
3,7.886692545093662,3,467.35531770397824
4,10.946383747120914,2,344.736596657964
4,2.348215259487319,3,569.9410040425394
4,21.32153410570444,2,102.24480672845684
3,9.36445725831116,4,568.2526839611096
4,0.3509517686967038,2,623.7017167625172
5,12.65077838088766,1,273.80135794276936
2,2.11497012731878,4,498.7040709700682
3,7.04921352507445,2,227.4151360030617
4,6.799748442451024,2,369.8336981377656
2,6.963266538610828,3,394.20364942802746
3,2.903971008038668,2,521.9550315613767
2,13.27782695957983,3,241.8606503555144
5,1.0128148621739936,2,614.9844755735453
3,8.031413873416284,2,414.530770614096
4,4.643376914354916,3,553.559277555704
1,10.21790585588673,1,118.51948944282331
4,5.525406734167292,2,384.0536896047238
3,3.8687084685064654,2,372.502065219649
4,5.102927396336286,4,638.7464337940654
1,1.8392549434030996,3,443.1695244718917
1,3.8548976037560823,3,419.0286138075434
1,16.01836048972537,1,7.26890442068024
4,8.871809418450402,4,575.7710140989245
3,9.327890415064385,1,204.2078211272401
4,12.43319384455155,1,214.55709092981064
1,8.126740421090425,2,342.2743030098487
5,5.872593793998259,2,452.5588172007463
1,5.0535831726441,3,374.8495650071129
1,8.157915419939712,4,377.3723565022773
3,5.07517601657357,3,510.7355477888911
4,10.51880102551674,4,560.7435956117687
3,24.972003915870072,3,65.64934075329306
4,22.45321648371402,1,9.364953270485366
1,5.640085350738091,1,203.2492127200867
1,12.845522979925272,1,99.58122957524245
1,1.0434349149469264,2,352.16153657555174
4,9.880019424937345,4,503.6016132026901
1,11.776289624826308,4,215.86451392782308
3,11.401963009349616,2,212.8734893382584
3,17.549861537420586,4,313.3805814506239
1,1.3298842230959198,3,508.2955241982377
5,7.657021944780863,1,391.6133502694759
4,5.55786964082873,2,393.9041843500604
5,0.1034931456629935,1,457.9173266803431
1,7.200337593416528,4,434.7272527765779
5,18.2425665593783,2,162.5084866997918
4,3.036039044620014,4,712.5755600434442
4,7.726948371023817,1,328.65584216203257
5,16.615982911145636,4,357.3143338153844
2,4.481952844233125,2,322.063250173244
4,16.961815728281607,4,344.5481194728117
1,0.1485770335470271,2,368.3688338178875
1,8.214059370248112,2,171.22216218396318
1,6.705704503109099,2,232.1527838383758
2,7.075056975105769,3,364.2787826908633
1,0.3976673458649516,4,526.482365302179
5,15.669947108616023,4,512.9988890743485
2,4.513030371025261,1,294.9807827208556
4,2.6568797496623597,2,457.1995441348752
2,7.231004937377982,2,298.6488209547343
1,0.2461212524791161,1,281.09972008484846
1,7.199837301431654,4,411.0029210207791
5,11.029062129553695,4,593.1942150659952
4,1.016972745548716,4,712.2740841196319
4,0.1927938451307721,2,670.4241821737878
2,18.49591246679637,2,108.87812195244668
1,2.141666562000842,1,241.4869432611278
1,4.9901663799418285,3,430.6837089418858
2,0.213512238435486,3,589.7263160884171
3,9.191134448699437,2,380.88566059820846
1,1.9275384906521615,4,476.73718253520224
4,3.6505521654625768,4,639.6070859650065
2,17.913275480411837,3,238.32508823318588
2,0.5858655113386084,4,524.0462418295308
5,3.1754309393019926,3,601.5205431628582
1,16.324233020679834,2,12.168455315053734
1,0.6713415461452177,2,349.944657582245
4,14.893559620744805,4,371.5059499479136
3,5.213037482757137,4,628.2677419720291
4,6.119271927311578,3,505.8876597083308
3,13.414967255830426,4,358.5328758163024
5,4.768983689222225,2,462.8400396463308
4,1.4844958138007809,4,697.3934419675609
4,5.2904523833443164,4,613.6341709660803
1,4.226286217088257,4,552.6779943919063
4,13.597807255038138,2,313.0446896921024
1,0.4140081155796743,4,490.1299487851546
5,7.578708604251661,3,506.9767925354034
3,0.5008409428482209,1,473.4868067465845
4,8.974009269018305,3,429.465679734565
5,13.124703671409964,3,514.2345353179862
1,8.589723884443423,3,263.29105074489416
3,8.989421564655359,2,358.8422363589323
4,0.7458640654355353,3,582.0219410213572
4,10.770990694039948,4,479.1004294718832
2,4.246633024328657,2,429.9964219249842
4,8.299645975379619,1,307.65372235048176
5,14.111720638896116,3,448.43819947778303
4,7.858038268311725,1,346.50376437950547
4,0.5746951846539464,4,746.1993804850362
2,3.9121705217401623,4,497.347179010921
2,9.409176145751134,3,340.7377571747773
2,4.052040803228881,4,560.1718148404659
4,4.980524046828567,4,577.9358754287457
3,0.2619223734425048,4,746.2365546927663
3,16.88230027771432,2,133.49259233795686
5,1.1246598255955271,1,492.50662464119966
4,5.324899192090678,3,483.17406291847465
2,6.450552734598769,1,143.82354204609018
3,10.118424329941892,2,397.47743952990857
4,6.579510447611686,4,578.1928442026139
2,4.683852342770517,4,503.9272112238126
5,17.358789976857132,2,252.8884473793174
3,6.67712720570559,4,607.45065449571
3,16.819217400731375,3,205.36032158215164
1,8.52585847170647,3,353.4612238541247
2,0.2295975560795144,1,354.2186364509359
1,0.1114561184184125,2,377.93733485471625
5,0.1149889987006237,2,636.0531306519966
1,8.376780419079452,3,371.8764203055458
4,5.911831037644298,4,576.0682317331183
3,6.677202863593994,2,338.01348474437964
1,3.2696259540445736,2,286.1526935530072
1,3.300351145103116,4,559.1681654343564
2,22.259443317382587,2,-13.951666087957657
2,13.709890062911214,4,253.3456623780032
1,5.098432421384791,1,298.5289584921115
4,3.2486961579618607,1,346.5331017431157
1,9.971179807917595,4,409.5494304046012
4,0.3060182433851781,1,483.0510674656727
1,0.6964157844693558,4,570.4674559213769
5,0.5157494276988904,4,730.466247680456
5,8.672766288084278,2,454.8242472495463
1,8.483205228052325,4,316.9469007947416
2,3.256694688201742,4,584.2679936729558
4,4.704331448464819,4,703.7638731073116
5,3.114470715541555,4,751.9119455604853
4,2.3958275985639133,4,571.1064437593857
3,3.698011663038032,3,466.8293166255969
2,9.72535789142537,3,336.1030960727523
2,21.33868247204537,3,137.57321580608914
3,4.064154936762062,1,343.3842675817475
2,1.931767015498399,2,396.7039403345072
5,7.5574028889454254,1,408.6169576057061
3,5.391326367529899,1,380.3810609606503
5,7.496903447028966,3,528.4472307000908
5,0.328087476137118,3,719.8847438465195
3,25.827966329699446,2,-135.51186385346267
4,11.539503636520095,4,442.3344579641616
4,3.4796185592084585,1,394.3446819629304
2,13.533888581477134,2,164.89391733272603
3,10.326431018921296,4,480.11129049179686
5,4.367483374580074,1,493.3378598833116
4,16.42965293530609,2,256.7403925952976
4,4.06071796259832,1,367.6743671602808
2,5.352701645328445,2,276.80756256822184
2,0.2540520838501602,1,402.7671643519411
2,11.541840304940193,4,297.25435691769553
2,1.7250441649286592,1,378.1509808717482
3,0.2106202134206362,3,576.3651416250839
1,0.9945445703071176,1,251.3173591969462
4,2.2739277512112848,4,688.884310599114
2,10.167386486097689,3,336.5084651450962
5,1.1477532477079817,4,745.215070400028
4,3.0875124183661318,4,654.0385868063076
2,13.707599825430606,2,206.82420891269496
2,8.656529228158533,4,493.0911165347548
3,10.813760344581896,4,478.55555303255466
1,6.313759884493888,4,494.3314618012377
1,2.4133779145310457,3,439.5254557669888
3,8.781903428100732,1,335.2848976495841
5,6.993804835878171,3,578.6793943889277
1,10.612222874459093,4,330.5708410266793
5,2.224770102429203,4,670.8098451146957
4,8.589199078076716,4,558.5058586251696
4,0.509542770112895,3,564.483068451612
1,17.94229271489721,4,162.4853473242184
1,13.264616423656934,2,156.6620255455413
4,9.64606424206264,3,416.6843428446495
4,0.5989468311627605,2,501.35525136539866
1,2.125230447703092,2,365.7716387415183
4,7.621145119224981,3,491.2109925706899
1,8.877801366359353,4,382.1522714118761
3,9.363985435524596,1,223.8429453365437
2,5.256405931019397,4,557.6040178152346
1,2.711701846373109,2,372.8873306368792
5,8.014968853943747,3,518.5293173113903
1,6.471814318477607,2,403.7798103062161
4,4.722471500878488,3,555.242156828851
5,9.304084961111164,4,640.5185574616432
5,1.7531640232701995,4,706.8876693780082
2,14.21919871640437,3,187.46897831151213
1,19.97956079750005,4,130.8209582678259
3,8.565493082342094,4,485.2896491832525
5,15.415873996717874,1,196.8521095791667
5,25.94424587768152,3,237.93439156250923
3,4.040322938509371,2,423.1914851250072
5,14.617326882614082,4,500.72690621977534
4,6.834397667886818,2,420.9879888406191
3,3.67544896022269,1,334.81330415888783
4,1.903115575939397,4,683.8374891538878
1,8.517291972535899,2,325.35673403781857
1,18.227236001279596,1,-72.94214961243262
1,5.215796779933731,3,424.0335869293029
4,11.84686590411552,3,351.7623193364005
5,9.606933984606597,3,474.8799981943961
5,13.290628465396823,1,264.3665909897928
3,8.174930976162265,4,522.8201349631042
3,14.013472930393103,2,303.8869727908286
5,10.304382674156049,2,401.4082144436524
2,20.473236130579615,3,88.3544970616113
4,12.266216593966154,2,347.1777667732154
4,9.67446150050235,1,268.30227954416523
4,0.5535254802238957,4,720.8635689421138
2,2.6393734859268787,4,561.4014083045748
3,3.528166064943784,1,262.2638361367832
3,1.5277442354540869,4,664.8600745706169
4,12.986867221630902,1,249.4310559084469
3,12.760753460061876,1,221.11516921419275
4,13.250140528868153,2,385.02032754564834
5,2.0533256377795968,1,429.1782985712343
5,0.4513401543201027,2,626.7985691276859
3,23.39624806020058,4,222.53978862803615
2,2.764328450158372,3,463.7593313564415
3,2.5957698183403943,4,637.939915455681
1,3.644812492405056,2,362.0860979074972
4,14.713219561423385,1,124.80141727267248
1,15.927707544174837,4,263.75698718032487
3,2.5857263167677127,2,412.38625836441497
5,3.0833124595934525,4,675.7409258116014
4,13.780834670640772,3,275.64606582775207
3,3.1197610791621293,3,503.9367321416335
2,8.402903954793064,4,441.76338733046487
3,10.06831752298984,3,416.1264929050228
2,16.815767162673275,2,123.72965308008986
5,7.922866618061449,1,294.4282600987871
2,5.316059080114549,1,316.7862212419224
1,3.658487879168582,4,490.9009112391238
1,12.978252669735856,4,334.85347612676577
1,4.8111512638883545,2,362.073780645218
1,27.593551140215823,1,-150.74078535586472
1,0.7466797825114957,1,413.1277538180209
2,2.5871644022974607,2,404.64477402046737
1,2.756006739840564,3,450.4360875078714
4,14.350493867891544,1,139.0720681013301
2,5.072389511096152,4,571.63221827984
5,1.162297003871491,3,607.5096876939816
2,9.474885949068796,1,100.23969658710304
3,2.444434559616326,3,582.6306090746931
5,14.013448312919596,3,383.6462074942173
1,4.1038179365787055,1,286.8040053355379
1,5.289436184165822,1,244.615008783992
3,2.4614778868484417,2,379.2703097118457
1,8.635196583813146,4,261.31210010760634
5,8.047537406378693,1,314.21916451779015
5,23.466470305265617,1,61.495168243730895
5,12.791611070282585,4,453.0789618596097
2,3.655510899860373,2,354.2517095353569
2,9.380925409056456,3,279.43445528900463
5,2.967331724941133,4,719.1472634910236
2,8.299861590811032,2,298.5440645355956
2,4.961023339825624,3,416.7099020011058
4,0.7480498268034107,4,774.8922685296188
2,0.1223198363881738,2,532.4393546382147
4,15.692596145359044,1,194.41143721964167
4,6.90429024383049,1,251.92563605005296
2,7.966721083646714,3,325.4310709667852
2,6.579260925367953,1,268.77129804680334
2,9.688826385630508,3,314.7955932751604
1,2.255816635688036,2,340.5290957006481
4,13.891453156779274,1,247.1193065938175
1,20.14060154918468,3,112.73171011092728
5,3.0676577602700457,4,774.3545664852965
2,4.063031304450625,2,357.2789090786637
5,8.640449911023696,1,425.952272801871
1,1.4357951171632055,1,273.5775353025116
4,3.820254489503836,3,638.5694847168613
3,3.595043995710101,4,603.3908522666369
2,1.4456681693373594,1,308.06114925777246
5,3.615992807816198,3,536.1191684609994
5,10.645851361278517,1,302.009357031345
5,9.378802311514518,2,409.6123188699377
1,4.331079531513437,1,286.26150487585386
1,4.0594172718848345,3,403.2821294218929
3,7.2436850486996445,3,423.5047000970849
1,13.852615467222304,3,266.7995643029307
4,3.030982534240727,4,648.1390212516778
4,4.410329072731514,4,602.9813277340246
5,1.7879286573317985,2,602.9718727179927
2,7.994223995430966,1,195.62410914901736
5,2.4078750974193843,4,754.782605136188
4,2.8912050527881217,1,392.33004335507786
4,4.128708204461747,1,386.2778767622461
4,1.9839889682004572,3,607.9290694154041
5,0.9419230031014656,3,652.4552239247554
3,11.476109448431352,1,199.80523756350345
2,3.581140754798567,3,509.1507833660317
3,5.559626797097979,1,339.3375536240428
3,8.924738873315302,1,275.5537150354251
2,4.223148241252707,3,423.76551324398247
4,1.0471402943328432,4,741.6986825270616
4,2.280533251240672,1,467.8674520006407
5,2.014799467044329,4,779.9249702721947
5,5.407735853003902,4,625.5269913306169
3,18.180776303835696,3,217.7615440892132
2,0.4932407014757259,4,641.8118810935056
2,2.390336012467649,4,541.7525238797904
1,10.003303489537052,4,358.6278067210612
1,16.7398570701071,4,331.49314547083435
3,1.6155926723816796,1,495.2761971657571
5,15.634047450289296,3,439.31607848558207
4,7.905230218330772,3,528.824652445873
4,9.07300121525327,3,407.5774182196781
3,2.242522209656819,1,410.7776673781698
2,16.786883628286567,1,26.306497680974395
1,2.1496559062609357,2,314.0782869945129
5,0.9721923200291804,1,485.1058616698504
2,10.156652815421012,1,182.6501973938971
5,7.010413411650971,4,602.4239530520472
5,4.17477349885034,1,418.9645587376512
3,10.974966547702447,2,330.10274396709974
1,17.123052213432967,2,74.74427998750224
1,7.9211502056515,4,423.2498998700858
4,10.455245570694656,1,276.48870843092175
2,10.848560594614453,1,129.24363093912842
2,11.173053155366643,3,248.01034099463268
1,5.189002044248521,1,241.7481946360535
5,7.537044661806008,4,593.9072751576076
4,1.3768982590334733,3,511.9229213900366
4,2.0694471055729102,1,418.9826949902841
5,6.780954607862469,3,499.7700107757194
4,7.539914669784796,2,444.1342183196919
5,10.653154920979947,4,583.0181629424181
4,9.853175089398668,2,387.7811554539501
1,7.66919669661199,1,143.36398515982563
4,4.026255311300352,2,516.0524728671006
4,17.758879999618287,2,220.8048891643379
2,16.692508063769687,3,185.6571118026153
4,3.019892103575529,4,636.9352863215636
5,6.081564276006414,4,693.0041221235566
1,11.149623229474022,2,163.32733256233664
4,14.333525028819915,1,208.5123230999156
1,4.183980113091925,1,298.01824707880064
1,4.355461592956536,2,418.3578994187248
4,5.9922427745971945,1,443.3488007299426
2,0.330897511387602,2,498.42318798269946
3,8.541612608143545,4,423.87218025855975
4,7.199405321418947,1,301.5594721007225
3,8.935744023141913,3,383.8807601635349
4,1.5602389099728735,2,611.4527134288086
1,10.490931879200105,1,85.21546536739339
4,31.7097477329018,3,25.113364196882504
3,1.8949963754791344,4,637.1434256532829
1,13.4841308775612,2,93.5610219768988
4,12.64983329856256,1,246.094534509718
2,3.007838764760271,4,579.7580290146692
5,6.60608593976992,2,415.0895371175265
4,2.098494779230553,3,659.1739767680594
2,12.406245995562276,2,107.54957864599513
3,2.224631640086068,4,595.9695095527806
2,0.8837552319915497,3,570.9234100534477
5,0.9837790681547566,3,610.6615269632028
2,3.814162542091709,4,561.2300451362673
4,0.6749225724080681,1,401.6835291380672
2,0.1633808411289249,3,532.0811759552104
4,2.8431451899794453,3,467.44844054180106
3,4.1540062617112685,1,304.79128968012424
5,10.314824603152577,3,406.557435579234
2,14.299912586854484,1,73.9135611565853
5,0.6163805217221475,4,736.9108197744742
2,14.32735489934108,4,299.7696934477213
5,0.8753147092167086,1,552.3893656440032
2,9.3874687568231,3,307.9066446699661
3,6.071116719160459,2,420.29699927624335
3,10.481704068254732,3,461.82970713284845
4,8.602624519575189,2,394.9007171237304
2,3.2830129500075538,3,431.4562307710789
3,4.0129780513351,4,527.2735132302209
3,3.166552950521069,1,331.1796859836037
5,5.969064812479539,3,605.8508397879037
3,9.872866934576525,1,240.3221980569144
3,4.012347099111825,2,476.592818830463
4,8.000824760846012,3,518.5000487494403
1,10.431294980353556,2,208.41463298684067
5,8.570781886711647,3,542.2587753490902
3,6.774621693464117,1,387.26987660174166
1,0.5182038948242156,1,390.4187334122497
1,8.79160628835075,3,299.03057338777234
3,2.3110160759299654,2,513.2636505781952
4,16.38807307122178,3,341.5310788664612
2,7.333128075836656,3,450.15684236025385
4,21.49574534867287,3,243.66592162833808
3,0.902438496657506,2,443.2428583147004
5,7.316589270303925,4,542.6839863252865
2,0.6548837514448298,3,555.5336758313578
2,3.4816923524180865,4,645.4970628701298
3,6.63258089679174,1,258.56517666716667
3,11.046165975264708,3,359.6721935922233
5,0.3093625727395894,3,632.0253622354476
4,15.788651944164885,1,223.1184363519853
5,7.95500550053291,4,495.64154723716575
3,5.664398537322192,3,363.5290142017657
5,3.076912773670017,2,567.2127405176074
3,2.690240731762467,4,612.078003025183
2,5.249178636458827,4,491.0352765171331
5,12.674116548186568,3,421.462929710098
1,4.994982334686594,2,336.9497490290862
2,0.6205312579833403,4,586.8991753878499
1,12.59167129610814,3,183.3203254911816
3,7.041110221415821,4,482.8096491680353
1,14.956795162570163,3,235.2810398484389
4,25.263682403559983,3,108.48925418068931
3,17.69921388196734,2,86.75184317229332
1,1.682142227670741,1,301.4660717937837
3,3.7791010173847503,4,619.6677157413055
4,13.243587499958393,4,521.5762873784934
1,1.7220079269688262,4,546.4550108167069
1,7.303517903770194,4,390.9440795641126
2,11.045784735714763,4,422.7846986495562
1,10.14825907734441,4,403.3935619541337
1,6.023318535828621,3,367.5883639502373
3,9.214083978105812,3,403.4883508016051
4,4.6081447714883055,3,560.8437498171724
5,9.237965603139468,1,341.7478630244014
4,1.3256801465371804,4,705.9920924134126
4,2.8900521095423297,3,531.103291587807
1,19.98639475583373,2,-47.24978360760005
5,11.460004265074431,4,498.99434572347286
5,0.4706609465849369,4,792.6973282347725
4,8.245572195642364,1,328.0284344541831
3,5.311783665356953,2,455.7762749053389
5,1.28241974027702,2,575.0170590887291
5,2.717715664906967,1,418.4636169097682
4,2.1717963263828013,1,493.7917502365719
2,0.7821118109215218,3,523.419411004575
5,14.04545514939712,1,313.2636488253839
4,1.4644077047824986,4,720.609170473959
2,14.812459621972984,2,273.1817415016821
4,12.72558135032317,3,374.4997237078685
4,15.1875933696358,1,221.284327861743
3,11.711604614500803,2,320.33611302763114
1,7.644974530335336,1,149.3441921185708
2,2.683727352093812,3,477.7013371027757
1,1.697582939024855,4,462.96142410866673
2,1.3413278276842011,2,355.73363659618275
2,12.213849594591984,1,142.05144818469907
5,1.9284182854396468,3,691.0819878260784
3,0.3331928284515295,4,695.2373451057422
3,15.308034973994928,1,140.8405304330841
4,2.066905117080033,4,721.8127553159538
1,5.310425069780597,4,434.3066088194218
4,2.3914558065378704,3,578.5442464448547
3,13.978962610867354,2,267.296823453347
4,0.5517135478023174,2,570.6216655164003
3,2.989774561190176,1,359.69506808635833
3,16.48504010268179,2,246.33891725275996
2,15.500141893581478,1,5.397099576014057
4,4.558253477993689,1,362.9009960756966
2,14.261587520192665,2,160.59836087333412
4,9.361291483110824,1,333.60091432647204
3,6.783800988404703,4,534.4432401276677
3,8.326507394644784,1,200.3952647675736
5,3.270662091210221,2,570.2869671665987
2,16.315974275322716,4,348.0578302668904
1,3.777591697307179,3,451.41339271050776
4,2.398671058952785,1,462.9843249012187
1,1.5895867412564326,1,204.49259033781797
5,1.92863955550386,1,446.4328850527486
3,11.57017280815868,2,302.70057427043645
2,7.706730544633434,4,463.1209798696119
1,1.3043973378332732,3,490.0399333432752
2,18.21915097860406,2,32.29984657977109
3,0.7565047058842289,2,491.7951676680712
2,4.209182841756566,2,306.3272922200583
2,2.4660218626133443,3,392.9956346167628
4,6.255570351092533,2,449.6775474034937
1,9.92136828518506,2,253.70207411914785
5,19.050636405600176,2,241.26809328308528
2,0.1477721965984477,3,535.3947320547977
2,3.004787855854223,3,401.8035257914522
5,3.550287310553741,3,669.2996071438024
1,18.92361893317341,3,109.32537646773464
3,1.7781314370301256,2,572.4154715196859
4,2.50998116008324,3,636.9160922121836
5,10.547579251802828,4,458.792143631336
2,9.60047741149928,4,465.7429357828088
3,4.1649908243669245,1,276.87342163400365
4,2.768229947738883,2,466.6606265237692
5,11.23905305614439,1,292.6811050391047
2,1.7346389707287913,3,500.604098067294
1,5.100295397556169,1,247.87235282974996
5,13.925184494342725,2,280.35355807293485
2,10.37585667050634,2,194.94826637704085
3,0.187917917742578,4,696.2719017318022
5,5.937774477786675,2,490.5819970475652
4,20.11880319244709,1,86.3425885861345
1,5.897036055747239,2,182.3751113003222
5,8.963697225521802,2,421.8691863237978
5,19.62732009140752,1,92.91713901877486
1,15.84820527349018,3,127.00457587935291
3,6.479677910098883,2,426.5031820092512
4,11.390081931169654,3,357.41479992798133
2,12.144013829592591,3,242.47489309184664
3,8.709617821716195,2,319.2571133955888
2,8.779706165358702,1,226.9203182251932
4,12.961498675278833,3,336.56929000701905
3,6.164593126261552,4,608.415339263772
5,5.365965205668235,1,495.1730721546962
3,4.046954556143003,2,384.9885555537167
2,1.9145087202391176,2,409.4557378163749
5,8.805111991771104,2,394.9639865316973
1,4.540803625156052,2,234.9148222533176
3,0.8595197343438468,2,507.9601578359309
3,7.519465876771957,4,556.2904258760293
5,5.629897185861278,2,597.9952694391025
3,11.949868052686604,1,146.1321637647011
5,5.004096673042639,2,576.7298210797783
1,2.528035054191545,4,586.5569834790667
3,4.0801470903989685,3,518.2897236703783
2,17.74658560973333,3,215.1764622841366
3,3.931531947541129,2,475.0330134642126
5,1.6221844757669084,4,836.2613078967568
5,7.694301781773039,1,400.0043924953627
2,3.305327432349157,2,390.8865570778326
2,1.4527445720476924,2,387.63666860867255
5,7.564935288807483,2,473.96733197447526
5,3.0151405739676616,2,600.9054351593002
3,10.390964403783926,1,234.41122999079508
5,4.790952240982286,4,635.1847927341041
2,7.781835214561222,4,468.81710583360376
3,17.367749569767106,3,236.1873344816522
5,14.465778900358943,3,413.9213598806065
1,15.82685641802789,3,90.3704532785297
2,9.605572244572285,3,375.4279858136909
1,2.258404786026901,3,474.6030621176481
3,5.494985463040402,3,502.3429626485174
2,10.985707275553295,1,160.0977136316829
3,23.20799839280298,2,-44.4567809862307
4,1.1709087215544196,1,455.6156859703484
2,5.342011708457715,1,326.19551579795416
3,3.178850972381816,1,323.4165367377406
1,4.348079577311579,4,383.5749351457042
3,5.400944605248059,1,244.9532093015041
5,7.324240097548762,4,639.2164826400549
5,3.752224007606727,1,473.5993202904873
1,2.916419863518445,1,315.9862624607045
3,17.410228083589015,4,319.03248854173705
2,7.803044065015394,2,228.9226999007636
1,2.7111279644671487,1,234.85223368097328
3,10.450233755026906,1,261.93729352942927
4,5.99039526376184,3,527.216890096737
5,3.4069234387793044,3,654.3530129584129
1,12.631729120851542,2,179.10485785602114
3,27.77359145427433,4,104.28014332799854
4,11.517339747807991,1,240.95286316843848
5,5.892289865101498,3,665.009316185763
4,4.4846500620405925,1,411.0407120896492
1,1.3157396790806872,3,457.2558289025682
3,14.0556004739189,4,411.65899006846246
4,3.497821801115369,4,661.1888549589063
4,20.23471949769974,3,127.43779137128216
4,5.053869385773427,3,571.4268380031472
2,3.592491565134564,3,559.1971324017925
4,15.824944779817583,1,124.48711098414508
3,22.436018945826405,4,293.98140852543025
3,14.227949086263427,2,212.5975334081356
3,19.223247554443983,3,220.20861879361135
5,21.150560151878075,3,320.5067978110972
4,14.053654387244205,2,242.9268406905755
1,16.180542690002255,1,68.51384184087846
5,8.244091213278345,3,464.4073116664661
2,4.225803722728828,2,331.72618809972766
3,5.474805721046651,1,290.82786971169065
2,8.137944832313059,1,250.34137167633395
5,14.491176107369304,4,463.1327573241404
2,13.177173431407654,4,280.45780839255355
5,5.410082199598076,1,410.9717124155471
2,0.8511560251940574,1,323.7658103693997
3,5.643010333021604,1,353.70447438158635
4,9.667680111664602,3,429.4846450439528
3,5.080679093914777,3,491.925121916737
3,7.554627263656334,1,258.6338318698397
3,12.012015190173893,2,291.4566446080366
4,5.232617386880769,1,366.1681140888569
3,5.375833685580619,3,498.7432620227409
5,0.9920486253150242,2,460.4895992566141
2,15.762989726277176,3,229.6027493233458
4,5.023282400747796,3,560.2300354905557
1,8.622669997532368,2,227.58259730362303
5,1.6066118981977282,1,531.3373856056725
4,9.526449528153876,1,326.4013608865635
2,16.085221559487238,3,283.5062634027304
4,5.615787496032208,2,452.9248304829699
5,2.0727074697361862,2,472.8558153717771
5,3.07732574679432,3,514.1785126246314
1,1.5925046837370245,2,298.05785872153365
3,19.585489551365388,3,196.39485591348543
2,14.464210639833286,2,162.850522789306
5,4.523502755690917,1,453.3419374871804
5,3.1943183333153065,3,594.8513372058352
2,1.377792142857707,4,555.6195985675585
5,9.571474731510168,2,446.3229024903184
1,13.48424319121701,2,173.1113567442849
1,4.015575444993436,4,476.8559843261072
3,4.684760446797231,2,414.3809581521077
4,5.1283645759275664,3,557.6484256478982
2,3.263184621583181,2,419.9534863264861
1,6.027076564293296,2,232.25943373419707
1,5.9464976972040535,2,255.09135326002144
1,2.5595766921426835,4,457.281163874877
1,3.480463796426194,3,395.0453933296346
3,7.823669669020897,3,474.1432860866736
5,6.251186564337302,4,672.2898620604423
1,8.13595997094507,4,352.3759025629707
3,5.2164150997061896,1,351.2850343471753
4,0.7311964594819724,3,629.668226077483
5,12.9737965595674,3,405.827733454356
4,3.2493495832049915,3,504.6900255807186
5,7.113063597427885,1,378.99755947055394
5,3.881541924822496,1,486.36636180934784
5,0.5992800267109062,2,489.8595170459756
3,7.999136231406647,4,490.2111154842946
2,2.200757798203556,4,688.699028976177
4,13.086687523521793,3,411.8980854579689
5,0.2579855825448711,2,617.8319130992764
5,11.452621730192249,2,344.0883069176093
1,3.4649444200676074,2,306.78461970494936
1,7.741606098188164,3,331.00345825123856
3,7.744589687708259,3,515.2513877146916
5,1.0490716508551272,1,532.298026527644
4,1.3391292261547592,4,649.6094955883636
4,6.126257388749357,1,416.314200344206
1,8.228283242942817,2,230.80462478323912
1,14.902653879072982,2,196.8142464692378
2,14.96139636951632,4,292.4419213777884
5,9.724028893524975,3,445.356134284306
5,13.462210732223,1,269.48726424621844
1,4.674931736578535,4,525.6177144584442
1,8.624932997247338,2,289.37357989159875
1,6.225191403049976,2,293.45576027244107
2,6.311919417468571,4,444.356777252198
2,5.684589189242769,1,241.0411801202504
2,3.328117648522096,3,372.52355361184726
5,4.804244961177868,2,468.2590238980016
2,9.681860639071049,3,337.43994647371585
5,8.313510579847684,2,463.17989543572025
1,4.879726826630046,3,375.4327473941602
5,9.196506900626618,2,423.2209092385807
4,26.429357210147412,2,11.603583559560846
3,5.4012302640049406,4,599.5266599293898
1,22.90467070530539,2,-93.04906102743472
4,16.00267818748759,3,361.82383195756455
3,1.888347802177838,1,490.27708458213874
4,4.122717546045429,4,661.1851318801879
3,4.034591834208012,3,482.9535828046377
3,18.3002855042781,4,277.18078271009875
2,6.958351193495473,3,461.3248372392954
4,2.467660239799706,4,614.317323910406
4,15.259575608848085,3,287.1182668094101
1,7.727718829782021,2,197.2232007108364
5,8.820565993630106,4,529.6629881013636
4,12.52593341503319,2,257.2405157303433
4,5.863200252111324,4,642.2312420470482
1,4.57640594289526,4,533.586009371496
1,3.718110814974935,3,380.78413008249214
2,4.573096467208113,3,458.9047729581222
5,9.623417448143451,2,455.4894847925426
5,7.708369604049366,4,620.8608180738707
2,2.431682154024917,1,283.6192190386397
1,3.903649435086224,2,258.4069245413715
1,15.885306910975324,4,302.81523943676893
1,5.109261812322631,4,492.6237343679664
4,7.747283190671621,4,593.9021308565002
5,18.081439264982517,2,192.98886965529817
5,4.113342428976086,3,619.4820110649309
3,4.832495424791074,4,604.8000708770196
3,0.0257118243151002,3,605.1874556960553
4,10.400862450537032,2,314.7315901488749
4,1.646438095263976,3,657.6842635979872
5,8.851875412089273,2,356.5808943492759
3,14.737648151384048,1,181.6841332126661
2,3.890939688657205,3,516.2340034312095
1,11.710410646204885,1,174.40830295266358
5,3.2656097767920773,2,527.5631949516363
2,0.0820988226961404,1,328.3865227180012
4,5.22619416398478,3,575.1701348357234
1,10.42977594646376,1,86.44371711637609
4,4.140913537935951,3,559.3815048134804
3,5.072344618949226,1,312.67999676301184
2,1.546688336463322,3,463.9626347000793
1,10.415683888185818,2,217.73629554552824
1,0.3926799103795318,1,252.5456059645076
4,9.489328108497634,1,319.8237219122493
5,1.319117557874122,4,695.2710944196808
2,19.8056559106894,1,-102.69968553718422
1,7.68770644399475,4,413.7404981805904
1,4.213275873246805,3,427.31617517562506
3,4.693107362791068,4,604.9845825968399
2,8.756956787795067,1,245.77855078545676
2,13.651628772251687,1,-10.714595429554407
1,19.470986428203577,4,130.32304988809489
2,4.802420417382233,3,449.2842063775069
2,5.232509433848951,3,511.29997531982826
1,10.212247431671631,4,404.9422760503038
1,7.086952731104265,1,283.32794797032034
4,24.51229719075076,1,-36.492914960715154
4,2.1120598363152,3,611.4796530377964
4,1.2040663866440973,1,400.9201318886527
4,14.793159799632535,1,163.91919302614932
2,3.321022773488252,4,516.8147586160862
3,7.214312955717558,4,494.0143079198127
1,4.487670131054991,2,300.574141319617
1,17.441877565539553,4,221.29832568374297
5,16.60607559894514,2,278.9891212469214
3,14.166034824256409,4,413.8519754940082
3,28.02202798391713,4,116.55886369100035
1,11.884244215830194,1,75.11283424091486
3,6.03839552796151,2,363.1031623641725
5,11.49554063257118,2,364.7326013406422
2,10.983035407325124,3,297.88743478114924
4,1.3783917859609385,4,716.9807170398801
5,0.2538560440645899,4,808.1991386522712
4,6.103917643054127,1,421.6238740362717
1,2.86012526978118,1,232.91235660735555
2,9.78567297446043,2,287.7551517777289
5,11.094775536361452,2,318.37050719313714
3,5.475181006794317,1,339.1551157767426
2,6.659671460695378,3,460.9401848906457
5,25.3455446208423,1,15.609632499804228
2,13.751844793172408,3,318.59490649949544
1,5.009922321799466,1,172.87316004823683
3,4.802490349949254,1,289.51792884643305
4,9.361075501096977,3,445.9879978458761
4,8.091802968531628,3,529.2744583586586
4,11.980928801910382,3,379.509951144693
5,4.066570874668812,4,665.990927461185
2,12.016978556675063,4,330.0790109475977
3,1.474344016509719,3,570.6571718919367
3,9.774648772458692,4,536.8417815955479
5,8.7938994191337,3,549.1560170720106
3,6.354245265539955,3,497.7476274060141
3,5.426107834987963,3,471.1291195540575
2,7.159388934369916,2,288.6467533494059
2,29.94612860227619,1,-185.0602762247053
2,8.809375610809715,3,362.2169340020986
5,18.081318105789755,4,399.69322609823575
5,4.36638474629293,4,727.5843361943222
5,1.9272899649972683,4,721.5648281164181
3,6.964386733914393,2,328.82345235245185
4,3.382254736851153,1,457.8143300295253
3,6.51781261700616,4,543.6797421815701
2,0.014710002454108,1,327.8543327584832
4,7.667048545369003,1,271.0137343490392
1,10.043227122146137,2,213.90605134842065
4,9.98191728231864,2,477.2321374275409
2,13.730425509508953,1,85.75045963251051
2,10.677420110191065,2,229.63790484189977
2,17.61266127419863,2,183.93533439688008
2,7.540956636562427,3,386.3168072792257
1,6.250273906846713,4,372.5711787006664
4,3.9039269398550807,2,403.28163857548975
1,1.1255753090645428,1,368.8216925080831
3,6.555450294843581,1,332.2087212156378
4,0.6751685717432486,2,587.8029139866948
3,7.77604137902912,2,351.591344500482
3,0.3574273354817348,1,386.5158519912254
3,3.360157426619921,4,591.9386956813931
2,8.864915393596158,1,209.50325299679568
4,2.721317560182082,2,463.6580910114233
5,2.8479059913436315,2,581.1143756506837
4,3.093775928833613,3,515.1446729833417
2,0.285288698344164,1,357.65628780435554
4,3.2473026508296,2,484.8535533595828
2,5.288698535561153,4,479.6750386300085
4,1.7371185298702343,2,414.98236165160415
4,5.665453158182125,2,469.08442004192017
3,1.4630444600104426,1,362.9515727777778
1,4.98726958311932,3,456.5400063038322
4,7.379317802412299,4,555.3145300675513
5,12.037351921997796,2,342.1849821384831
1,4.170435029676035,3,411.1673967454231
5,6.878813911747546,1,445.0957091965715
4,0.4985726659982264,4,681.858163524127
2,13.480357804247188,4,401.129728656545
4,9.076987979878986,3,530.4754224533013
3,26.805708407690005,3,103.40197237899716
2,2.0080851399566555,3,581.1598717504797
5,9.988487960953682,1,394.8625418315498
4,7.401367907395135,1,407.7167565467476
4,5.654978063746563,4,687.1167546958508
2,4.7603138343811455,4,535.1971997938753
4,21.580685639612568,2,106.92509222913873
1,13.185510180908366,2,33.177614619642384
5,2.3929659114234414,2,496.00402579544135
4,2.467935577887518,3,568.2271484843099
4,10.793431660249952,3,405.0446124329727
2,1.142255514501802,3,509.5151665398597
3,0.1323976766753355,1,377.31402195405576
5,1.2194492760027726,2,505.8221339078788
1,3.390592559424304,4,495.6769904881776
1,5.896320419510298,1,202.6026951692045
2,8.958157604108271,3,320.4591458403413
1,5.4832813049798,4,423.2267658178848
3,0.9866745381579568,2,443.25867964322055
4,1.971810551973674,1,420.7376020097106
5,10.590272544419664,4,515.3794077618442
4,10.225643912606856,4,578.4808883237135
2,8.552404572508642,2,301.00174515208323
4,12.572196508289942,2,259.94017393287527
3,14.828833575740424,2,199.4009394118188
1,13.094121463310142,3,169.10329041623763
5,8.178618311849958,3,577.0360485217402
3,2.3820019202203864,2,531.5692978246333
2,1.0523213705927583,4,661.5536717257964
5,0.916594081003832,3,614.4334868177936
4,0.3126754702756948,4,709.1831396081773
2,0.9211211469195592,1,341.499043285963
4,13.554427025944182,1,237.01211477682543
3,3.981481287500751,1,299.9748840857901
3,1.6137353627777915,3,523.9307080443934
2,17.944488052250737,2,80.44938753739487
1,0.275097020298358,1,332.16248305065403
2,22.320163895251778,1,-31.696842498141244
1,1.0497970101895355,4,532.5676751593788
2,13.674149824601583,3,299.7152572842794
2,16.553440383096778,3,250.0350101779213
5,1.5364446081566638,4,728.6103459932756
1,15.844735631509357,3,110.82238072653308
1,8.444543066045863,4,342.5496219073757
3,12.128678162090248,2,297.0127855157735
4,2.837695543833455,4,639.4348673075974
3,2.821958766904351,2,367.9293585277902
1,11.582031851840288,3,289.0069813723443
5,16.193599828975426,1,212.60572944780245
1,5.110404635801098,3,317.49355322684664
4,17.406294458953308,1,190.8451098810661
4,2.934850548893775,3,623.134788380012
2,9.17221542115856,4,443.49295414133775
5,0.5704286766218815,4,694.8754580808414
3,8.767267736904524,2,264.5381186176454
5,18.269113783045174,4,389.2642999970246
2,4.0318830684953335,1,213.6665691525789
1,9.494055237932187,4,400.3729089005805
4,1.6325494883317873,2,456.80784456434736
1,0.8645528271104713,1,320.9545799205255
1,4.3046191188579295,1,229.50104498650512
2,11.49379383367124,3,345.71338673142736
3,2.975143539549459,1,323.5997494459364
1,0.4402227617534797,4,574.8820172411666
4,6.430545453392927,3,441.6470812904093
4,5.882249291179367,2,482.132491764883
3,2.125870464375366,3,541.7345023986179
3,15.470314969908443,2,225.38623405010264
2,0.6028753363911904,2,381.9162259307746
5,2.78081047967944,3,659.3380041899995
4,6.4295255335289045,1,366.71965914460736
1,1.501152270061292,4,558.1618492344423
2,15.877615237453677,2,158.0793934016258
3,6.4325760178873885,1,291.6752855027349
1,11.33592825638459,2,245.34639588810776
5,9.967596428198156,4,562.8531721477517
3,1.4876615223367926,2,443.28830953372267
5,0.9600420496977,2,587.8628493375991
5,0.4511330369333481,3,633.4514419891066
4,0.7912172392953508,3,600.9758340475508
4,8.505306835234382,2,381.0315324858424
5,8.391241905992736,4,583.1974558478523
4,10.117740841054886,3,447.61503681917657
3,0.8496813703770767,3,670.2944421577747
5,16.064396894498326,2,317.2595541023395
5,13.730535360419283,2,389.00432515601887
2,18.666831483316276,4,221.4778984652627
2,7.574683300614039,3,359.1555195624618
2,0.1005647186901453,3,519.0798032815476
2,12.380069359584398,2,255.0430676717559
1,10.40599230085145,3,174.47423007142612
2,3.1560312338585823,2,345.22113655826
3,6.234536094243825,1,310.4260704568345
1,8.906716814313947,2,220.66104536057463
3,5.129168468277764,2,505.80311474159697
2,25.412388076882245,2,-25.863600750512106
5,9.68082117664578,1,303.2740042905604
1,4.770680923568652,2,235.7060281016596
5,3.559514930468064,2,521.7816996437457
3,25.40231620759172,2,-63.207328285755096
3,9.265583009670964,1,268.0258723275025
1,5.580818806186658,1,226.4389399883508
3,11.169495537467236,4,462.6116858552919
1,0.3529673960291556,3,586.8994853191687
3,2.412039642189525,1,336.3859080851946
5,11.277836301278024,2,374.8230635846442
4,8.811310970996324,2,323.1479933556281
2,10.329891945199456,4,409.3722352885046
2,9.23912015810002,3,434.88127763550096
4,14.121516982986307,4,466.0057802962974
